<?xml version="1.0" encoding="UTF-8"?>
<project-private xmlns="http://www.netbeans.org/ns/project-private/1">
    <editor-bookmarks xmlns="http://www.netbeans.org/ns/editor-bookmarks/2" lastBookmarkId="0"/>
    <open-files xmlns="http://www.netbeans.org/ns/projectui-open-files/2">
        <group>
            <file>file:/C:/Users/Lenovo/Documents/NetBeansProjects/PBO2_2310010388/src/frame/frameUtama.java</file>
            <file>file:/C:/Users/Lenovo/Documents/NetBeansProjects/PBO2_2310010388/src/frame/frame_pemasukan.java</file>
            <file>file:/C:/Users/Lenovo/Documents/NetBeansProjects/PBO2_2310010388/src/frame/frame_pengeluaran.java</file>
            <file>file:/C:/Users/Lenovo/Documents/NetBeansProjects/PBO2_2310010388/src/frame/frame_perkara.java</file>
        </group>
    </open-files>
</project-private>
